{
    "ModuleID": "createmodule",
    "Name": "createmodule",
    "IsBundledWithHost": false,
    "Version": "1.0.0",
    "ModuleConfig": {
        "SystemID": "HANDSTACK",
        "BusinessServerUrl": "http://localhost:8000/transact/api/transaction/execute",
        "ModuleLogFilePath": "C:/home/ack/log/createmodule/module.log",
        "ModuleBasePath": "../modules/createmodule",
        "WWWRootBasePath": "../modules/createmodule/wwwroot/createmodule",
        "EventAction": [],
        "SubscribeAction": []
    }
}